gid,x,y
0,92.941,13.22
1,93.807,7.039
2,78.673,19.358
3,77.502,14.755
4,78.937,13.471
5,78.786,14.461
6,82.007,17.242
7,80.236,16.328
8,78.477,17.371
9,79.221,18.467
10,80.664,17.58
11,80.728,16.647
12,78,15.495
13,78.156,16.474
14,78.07,17.796
15,79.293,17.059
16,79.765,14.474
17,78.128,18.549
18,79.336,15.563
19,77.932,17.319
20,83.912,18.509
21,82.669,17.845
22,83.302,18.573
23,79.868,17.975
24,81.385,16.987
25,96.474,27.481
26,93.071,27.378
27,95.135,27.991
28,93.36,28.042
29,96.607,28.013
30,95.826,28.342
31,93.88,27.703
32,93.513,27.174
33,91.922,27.594
34,95.447,26.959
35,95.818,28.949
36,94.969,28.848
37,94.12,28.199
38,92.403,27.376
39,94.625,28.24
40,91.032,26.433
41,90.642,26.407
42,92.899,24.833
43,92.02,26.603
44,94.562,27.465
45,89.991,26.125
46,95.024,27.427
47,90.602,26.076
48,93.917,26.562
49,92.622,24.483
50,94.269,26.779
51,91.587,26.179
52,93.462,26.184
53,92.377,24.571
54,90.168,26.573
55,94.104,27.194
56,92.285,26.278
57,92.727,26.376
58,91.415,26.504
59,93.041,25.361
60,94.691,26.979
61,92.78,26.795
62,95.586,27.552
63,87.346,26.164
64,84.412,24.794
65,86.841,24.85
66,86.129,25.505
67,83.57,25.028
68,87.032,25.28
69,84.541,25.467
70,84.166,25.518
71,86.018,26.074
72,84.983,24.729
73,84.277,26.481
74,86.295,24.795
75,84.984,25.151
76,87.597,25.501
77,86.688,25.511
78,87.848,26.27
79,86.096,25.156
80,86.83,25.985
81,86.219,26.41
82,86.542,25.139
83,85.314,26.147
84,85.423,25.215
85,85.522,24.802
86,84.337,27.114
87,84.996,25.495
88,84.922,26.592
89,87.474,25.83
90,84.027,25.023
91,86.578,25.789
92,85.792,25.829
93,84.778,25.898
94,85.857,25.132
95,85.322,26.466
96,85.577,26.623
97,84.291,26.153
98,86.822,26.276
99,85.367,25.735
100,76.767,30.729
101,81.626,19.476
102,81.864,22.379
103,81.051,18.74
104,81.74,20.672
105,81.213,20.777
106,82.554,21.926
107,83.908,22.833
108,81.073,20.167
109,81.246,22.084
110,82.611,22.538
111,82.318,23.548
112,82.399,21.077
113,83.299,22.151
114,81.986,21.537
115,80.737,21.051
116,83.196,23.402
117,73.027,20.242
118,72.838,20.409
119,70.758,20.806
120,77.105,28.671
121,74.009,15.506
122,74.125,15.121
123,72.315,22.807
124,71.232,21.418
125,72.839,22.437
126,71.758,24.302
127,72.763,21.902
128,71.932,21.74
129,74.133,22.85
130,72.665,23.226
131,69.986,22.166
132,70.505,21.204
133,69.845,23.516
134,73.104,22.924
135,72.609,23.613
136,73.663,21.74
137,72.978,20.881
138,73.589,22.854
139,71.738,23.67
140,69.872,21.607
141,70.804,22.307
142,73.166,23.551
143,73.298,21.2
144,71.562,22.774
145,73.701,20.804
146,73.293,22.178
147,73.252,20.43
148,77.068,30.419
149,75.948,28.694
150,77.328,28.153
151,75.544,29.569
152,76.96,28.349
153,75.797,29.225
154,76.594,28.591
155,76.356,29.37
156,76.388,29.764
157,76.91,29.707
158,76.8,30.078
159,76.182,28.286
160,76.942,30.698
161,76.894,29.348
162,76.574,28.209
163,76.488,28.916
164,74.9,29.637
165,76.959,29.027
166,77.33,30.263
167,76.698,31.364
168,76.166,32.644
169,76.508,31.676
170,76.291,32.026
171,78.407,31.626
172,77.455,31.917
173,77.599,32.555
174,77.004,31.61
175,77.573,31.15
176,77.356,30.659
177,76.847,31.077
178,76.214,31.574
179,75.412,33.762
180,74.785,33.948
181,74.614,34.308
182,75.99,33.36
183,74.896,32.708
184,76.603,33.822
185,75.595,32.525
186,74.275,34.539
187,78.07,33.976
188,75.09,33.873
189,74.372,33.752
190,74.489,33.234
191,75.097,34.222
192,75.01,33.255
193,85.988,23.731
194,84.918,24.162
195,86.73,24.339
196,86.5,23.818
197,87.294,24.289
198,83.665,24.153
199,86.111,24.274
200,87.302,24.84
201,84.602,23.066
202,85.457,24.039
203,86.877,23.969
204,85.699,24.459
205,84.395,23.786
206,84.658,23.468
207,87.641,24.616
208,84.197,24.2
209,85.471,22.462
210,86.454,22.523
211,85.331,23.218
212,87.669,24.961
213,86.001,22.846
214,84.388,22.558
215,75.626,16.197
216,77.304,12.664
217,77.582,12.965
218,74.875,16.003
219,76.417,15.005
220,77.256,17.929
221,75.964,16.718
222,77.1,11.951
223,75.69,13.454
224,76.471,14.101
225,75.303,12.861
226,75.846,14.295
227,75.148,15.383
228,75.672,15.232
229,76.893,17.064
230,76.113,13
231,75.424,14.755
232,75.725,12.323
233,78.054,13.412
234,76.228,15.551
235,76.742,12.618
236,76.427,12.158
237,76.767,16.05
238,75.139,14.043
239,76.888,13.422
240,74.883,13.45
241,74.658,14.78
242,76.41,9.445
243,76.475,10.062
244,76.987,9.889
245,75.541,11.963
246,75.176,12.43
247,76.875,8.96
248,76.653,9.639
249,75.831,11.477
250,76.098,11.083
251,76.658,10.722
252,76.921,9.286
253,77.034,8.603
254,76.279,10.417
255,76.097,11.674
256,73.048,8.272
257,81.785,23.083
258,77.869,24.618
259,80.365,21.914
260,74.982,21.841
261,77.867,21.903
262,78.708,26.514
263,77.372,23.282
264,76.361,21.355
265,79.608,24.78
266,78.861,22.154
267,79.527,23.873
268,78.584,25.795
269,76.445,22.626
270,75.157,22.494
271,80.984,23.003
272,76.558,21.919
273,77.266,24.555
274,78.139,26.037
275,77.111,22.23
276,78.035,22.571
277,75.89,22.703
278,79.893,23.176
279,74.556,22.616
280,80.287,23.644
281,80.543,22.57
282,75.238,24.1
283,78.029,26.505
284,79.033,22.978
285,75.137,24.568
286,80.148,24.411
287,78.295,23.229
288,76.731,23.831
289,74.935,23.366
290,81.571,24.766
291,78.753,23.889
292,80.791,24.559
293,77.137,23.005
294,79.692,22.314
295,81.385,23.401
296,76.127,23.776
297,76.964,25.71
298,77.82,25.371
299,82.148,24.211
300,79.023,24.889
301,75.676,23.345
302,80.846,23.499
303,77.808,23.948
304,75.774,21.926
305,74.646,19.295
306,76.965,20.699
307,77.795,21.062
308,75.232,19.96
309,79.766,21.086
310,75.948,18.966
311,76.396,20.573
312,79.438,20.166
313,74.615,21.05
314,80.129,19.684
315,80.25,21.006
316,72.925,19.163
317,77.178,19.635
318,75.435,20.991
319,75.95,19.648
320,74.076,16.586
321,76.705,18.354
322,79.093,21.159
323,77.452,18.951
324,74.26,21.735
325,73.994,20.258
326,76.112,18.246
327,76.637,19.274
328,74.013,18.58
329,73.135,18.515
330,73.467,17.272
331,74.61,17.117
332,74.126,17.74
333,73.66,16.208
334,75.471,17.782
335,73.157,19.599
336,78.574,20.773
337,77.18,20.192
338,78.095,20.274
339,93.802,24.542
340,94.101,24.223
341,93.43,24.312
342,94.02,24.835
343,94.116,25.351
344,93.488,24.939
345,93.988,24.595
346,94.431,25
347,93.867,24.793
348,90.631,25.711
349,91.795,25.369
350,92.353,25.367
351,91.96,25.844
352,90.596,25.299
353,90.213,25.652
354,91.248,25.47
355,92.844,23.832
356,93.233,23.591
357,92.73,24.174
358,92.716,22.387
359,92.724,22.956
360,92.464,23.758
361,93.075,22.343
362,92.923,23.297
363,93.811,25.738
364,93.626,25.489
365,94.535,26.464
366,95.018,26.743
367,94.438,25.72
368,94.904,26.107
369,94.196,26.18
370,94.503,26.014
371,84.894,20.861
372,86.725,21.382
373,83.622,21.396
374,86.738,20.938
375,83.166,20.582
376,84.129,20.718
377,85.807,20.538
378,84.822,21.445
379,85.512,20.827
380,84.18,19.212
381,84.702,19.612
382,86.336,20.203
383,86.154,20.848
384,83.82,21.711
385,83.093,19.855
386,84.077,20.149
387,86.575,20.516
388,85.658,21.514
389,85.544,20.151
390,82.707,18.802
391,82.073,18.315
392,86.406,21.889
393,82.323,19.575
394,85,20.216
395,82.531,20.59
396,85.794,19.965
397,83.546,19.396
398,84.186,21.384
399,83.812,20.954
400,84.748,22.163
401,79.806,10.923
402,75.261,12.066
403,79.783,11.892
404,82.234,16.709
405,74.91,31.539
406,75.024,30.16
407,74.768,30.654
408,76.414,30.627
409,74.291,30.608
410,75.32,31.894
411,75.838,31.614
412,75.547,31.123
413,75.312,31.363
414,75.865,30.845
415,75.454,29.973
416,75.163,30.78
417,74.526,30.294
418,76.026,31.102
419,76.39,30.309
420,76.567,30.881
421,75.718,30.365
422,74.776,26.257
423,76.588,27.624
424,74.354,23.528
425,76.661,25.112
426,71.479,25.722
427,77.301,27.157
428,74.668,25.551
429,73.06,28.132
430,75.782,25.492
431,74.505,24.76
432,74.492,28.388
433,76.436,26.905
434,77.688,26.691
435,73.858,23.717
436,73.611,29.411
437,74.586,29.098
438,75.765,26.964
439,70.901,27.033
440,72.203,25.059
441,76.329,24.488
442,75.545,28.046
443,72.631,26.807
444,76.862,26.284
445,75.999,25.021
446,74.201,26.956
447,73.453,25.672
448,73.834,25.149
449,76.396,26.14
450,75.035,27.652
451,72.786,24.731
452,75.656,26.14
453,73.756,24.315
454,88.671,27.287
455,88.534,27.738
456,88.367,27.275
457,88.177,27.353
458,79.248,11.157
459,80.229,13.051
460,77.072,11.03
461,79.557,11.488
462,78.054,12.319
463,77.813,10.391
464,77.439,11.52
465,79.965,12.711
466,77.326,8.311
467,78.02,10.923
468,77.872,9.844
469,79.723,11.134
470,78.13,11.3
471,76.671,11.444
472,78.896,11.242
473,78.866,10.411
474,78.537,9.35
475,78.11,11.735
476,78.502,9.776
477,79.151,10.749
478,77.429,9.892
479,80.113,13.298
480,79.53,10.682
481,77.983,8.978
482,78.513,11.055
483,77.482,8.755
484,78.976,12.316
485,78.894,12.846
486,79.217,11.833
487,77.858,9.434
488,91.943,23.888
489,92.205,24.117
490,91.617,23.407
491,91.412,23.821
492,77.895,27.093
493,78.069,27.952
494,81.971,25.197
495,82.615,26.43
496,79.474,26.649
497,82.978,25.997
498,78.875,28.173
499,77.303,29.112
500,81.54,27.419
501,84.024,25.906
502,82.312,27.494
503,80.546,25.469
504,81.403,26.871
505,79.411,28.449
506,82.637,26.79
507,78.394,29.363
508,77.969,28.399
509,83.204,24.945
510,81.088,25.206
511,83.744,26.461
512,78.77,27.677
513,79.136,26.808
514,82.077,26.644
515,79.477,27.408
516,80.76,25.88
517,78.535,27.189
518,77.515,28.526
519,77.563,28.761
520,83.592,25.625
521,81.975,27.086
522,83.36,26.679
523,80.028,25.805
524,80.105,27.338
525,78.117,27.606
526,79.329,26.095
527,82.56,25.717
528,79.14,25.593
529,78.268,28.882
530,79.685,27.03
531,79.865,26.426
532,80.263,26.399
533,81.421,25.489
534,83.881,26.909
535,80.666,28.175
536,78.515,24.655
537,80.897,26.849
538,83.508,27.187
539,79.663,25.32
540,79.037,27.203
541,77.587,27.607
542,83.529,26.018
543,77.777,29.026
544,82.619,25.023
545,78.634,28.597
546,77.477,29.428
547,79.944,28.528
548,81.861,25.894
549,81.268,26.213
550,79.138,28.812
551,77.495,29.913
552,83.017,26.787
553,82.459,25.352
554,79.799,27.926
555,81.816,27.661
556,82.895,27.221
557,80.781,27.516
558,83.053,24.41
559,82.002,26.28
560,80.501,26.642
561,82.883,25.391
562,79.481,29.705
563,79.932,30.004
564,79.602,30.519
565,80.067,29.308
566,77.996,30.359
567,77.958,29.894
568,79.494,29.281
569,78.764,29.836
570,80.393,30.17
571,79.102,30.625
572,78.748,30.475
573,79.606,28.96
574,78.52,30.946
575,87.121,23.207
576,87.911,23.282
577,87.631,23.841
578,88.593,25.349
579,88.325,26.942
580,87.776,21.948
581,88.025,22.538
582,88.167,22.869
583,88.772,26.682
584,89.389,26.263
585,88.362,22.552
586,88.053,25.081
587,88.259,24.124
588,88.544,23.404
589,88.748,22.711
590,86.493,23.26
591,88.414,22.235
592,88.211,25.637
593,87.272,22.386