name,x,y
Arunachal Pradesh,94.72,28.475
Assam,92.784,26.297
Chandigarh,76.792,30.714
Chhattisgarh,81.839,21.619
Delhi,77.116,28.674
Goa,74.086,15.36
Haryana,76.323,29.115
Himachal Pradesh,77.361,31.856
Jharkhand,85.144,23.562
Karnataka,75.574,14.776
Manipur,93.81,24.66
Meghalaya,91.689,25.559
Mizoram,92.881,23.487
Nagaland,94.451,26.079
Punjab,75.519,30.709
Rajasthan,73.915,26.852
Sikkim,88.467,27.581
Tripura,91.589,23.714
Uttarakhand,79.181,30.202
Telangana,79.007,17.894
Andaman & Nicobar,92.938,13.228
Bihar,85.569,25.711
Gujarat,71.837,23.441
Kerala,76.74,9.796
Lakshadweep,73.058,8.282
Madhya Pradesh,78.227,22.965
Odisha,84.641,20.755
Tamil Nadu,78.439,11.059
Uttar Pradesh,80.625,26.873
West Bengal,87.772,23.02
Andhra Pradesh,78.905,14.796
Puducherry,79.802,10.943
Maharashtra,75.702,19.411
Daman & Diu,72.848,20.42
Dadra & Nagar Haveli,73.06,20.197
Ladakh,77.433,34.245
Jammu & Kashmir,74.858,33.575