level,state,district,category,name,phones,whatsapp,email,website,address,hours,notes,source_url,verified_on
state,Uttarakhand,,commission,Uttarakhand State Commission for Women (Rajya Mahila Aayog),0135-2775817,,women.commission.uk@gmail.com,,"Mahila Sashaktikaran evam Bal Vikas Bhawan, Near Nanda Ki Chowki, Vikas Nagar Road, Sudhowala, Prem Nagar, Dehradun 248007",,Complaints about harassment and violations of women's rights. Phone is tele-fax. From the NCW list of state commissions; chairperson mobile omitted.,https://www.ncw.gov.in/important-links/list-of-state-women-commissions/,2026-09-29
state,Uttarakhand,,legal_aid,Uttarakhand State Legal Services Authority,18001804000; 05942-236762; 236552; 15100,,slsa-uk@nic.in; ukslsanainital@gmail.com,https://uttarakhand.nalsa.gov.in/,"Uttarakhand State Legal Services Authority, ADR Centre, High Court Compound, Nainital",,Free legal aid; state toll-free 1800-180-4000 and national legal aid helpline 15100.,https://uttarakhand.nalsa.gov.in/contact-us/,2026-09-29
state,Uttarakhand,,police_women,Uttarakhand Police Women's Helpline,9411112780; 112,,,https://uttarakhandpolice.uk.gov.in/helpline,,,Uttarakhand Police number for women-related complaints; 112 for emergencies.,https://uttarakhandpolice.uk.gov.in/helpline,2026-09-29
state,Uttarakhand,,cyber,Uttarakhand Police Cyber Helpline,1930,,,,,,Cyber helpline listed by Uttarakhand Police; online complaints at cybercrime.gov.in.,https://uttarakhandpolice.uk.gov.in/helpline,2026-09-29
district,Uttarakhand,Almora,one_stop_centre,"Sakhi One Stop Centre, Almora",,,,,"Shailgunth, Near NTD, Almora",,"Sakhi One Stop Centre: temporary shelter, medical aid, police help, legal aid and psycho-social counselling for women facing violence. Address from the MWCD Mission Shakti directory (One Stop Centre - Centre Administrator); no phone published there. Uttarakhand Police women helpline 9411112780 / emergency 112. A second centre is listed at Jyotica Indane Gas Agency, near Block Campus, Bhikiyasain (Almora).",https://missionshakti.wcd.gov.in/directory,2026-09-30
district,Uttarakhand,Bageshwar,one_stop_centre,"Sakhi One Stop Centre, Bageshwar",,,,,"Bagnath Ward, Talla Katyur, Near Kotwali, Bageshwar",,"Sakhi One Stop Centre: temporary shelter, medical aid, police help, legal aid and psycho-social counselling for women facing violence. Address from the MWCD Mission Shakti directory (One Stop Centre - Centre Administrator); no phone published there. Uttarakhand Police women helpline 9411112780 / emergency 112.",https://missionshakti.wcd.gov.in/directory,2026-09-30
district,Uttarakhand,Chamoli,one_stop_centre,"Sakhi One Stop Centre, Chamoli",,,oscchamoli2018@gmail.com,,"Near Main Branch SBI, Petrol Pump Road, Gopeshwar, Chamoli",,"Sakhi One Stop Centre: temporary shelter, medical aid, police help, legal aid and psycho-social counselling for women facing violence. Address from the MWCD Mission Shakti directory (One Stop Centre - Centre Administrator); no phone published there. Uttarakhand Police women helpline 9411112780 / emergency 112.",https://missionshakti.wcd.gov.in/directory,2026-09-30
district,Uttarakhand,Champawat,one_stop_centre,"Sakhi One Stop Centre, Champawat",,,,,"Near CMO Office, Muryani Road, Champawat",,"Sakhi One Stop Centre: temporary shelter, medical aid, police help, legal aid and psycho-social counselling for women facing violence. Address from the MWCD Mission Shakti directory (One Stop Centre - Centre Administrator); no phone published there. Uttarakhand Police women helpline 9411112780 / emergency 112.",https://missionshakti.wcd.gov.in/directory,2026-09-30
district,Uttarakhand,Dehradun,one_stop_centre,"Sakhi One Stop Centre, Dehradun",,,,,"Near Women ITI, Working Women Hostel Premises, Survey Chowk, Dehradun",,"Sakhi One Stop Centre: temporary shelter, medical aid, police help, legal aid and psycho-social counselling for women facing violence. Address from the MWCD Mission Shakti directory (One Stop Centre - Centre Administrator); no phone published there. Uttarakhand Police women helpline 9411112780 / emergency 112.",https://missionshakti.wcd.gov.in/directory,2026-09-30
district,Uttarakhand,Haridwar,one_stop_centre,"Sakhi One Stop Centre, Haridwar",,,,,"Priyadarshini Working Women Hostel, Behind Indane Gas Plant, Bahadrabad, Haridwar",,"Sakhi One Stop Centre: temporary shelter, medical aid, police help, legal aid and psycho-social counselling for women facing violence. Address from the MWCD Mission Shakti directory (One Stop Centre - Centre Administrator); no phone published there. Uttarakhand Police women helpline 9411112780 / emergency 112.",https://missionshakti.wcd.gov.in/directory,2026-09-30
district,Uttarakhand,Nainital,one_stop_centre,"Sakhi One Stop Centre, Nainital",,,,,"Block Office, Haldwani, Nainital",,"Sakhi One Stop Centre: temporary shelter, medical aid, police help, legal aid and psycho-social counselling for women facing violence. Address from the MWCD Mission Shakti directory (One Stop Centre - Centre Administrator); no phone published there. Uttarakhand Police women helpline 9411112780 / emergency 112.",https://missionshakti.wcd.gov.in/directory,2026-09-30
district,Uttarakhand,Pauri Garhwal,one_stop_centre,"Sakhi One Stop Centre, Pauri Garhwal",,,,,"Mission Shakti One Stop Centre, near Chief Treasury Office, Pauri, District Pauri Garhwal, Uttarakhand 246001",,"Sakhi One Stop Centre: temporary shelter, medical aid, police help, legal aid and psycho-social counselling for women facing violence. Address from the MWCD Mission Shakti directory (One Stop Centre - Centre Administrator); no phone published there. Uttarakhand Police women helpline 9411112780 / emergency 112. A second centre is listed at West Jhandichor, Kotdwar, Pauri Garhwal.",https://missionshakti.wcd.gov.in/directory,2026-09-30
district,Uttarakhand,Pithoragarh,one_stop_centre,"Sakhi One Stop Centre, Pithoragarh",,,,,"Near Mega Mart, Block Office Lane, Block Bin, Pithoragarh",,"Sakhi One Stop Centre: temporary shelter, medical aid, police help, legal aid and psycho-social counselling for women facing violence. Address from the MWCD Mission Shakti directory (One Stop Centre - Centre Administrator); no phone published there. Uttarakhand Police women helpline 9411112780 / emergency 112.",https://missionshakti.wcd.gov.in/directory,2026-09-30
district,Uttarakhand,Rudraprayag,one_stop_centre,"Sakhi One Stop Centre, Rudraprayag",,,oscrudraprayag@gmail.com,,"Old Vikas Bhawan, Near SBI, Rudraprayag",,"Sakhi One Stop Centre: temporary shelter, medical aid, police help, legal aid and psycho-social counselling for women facing violence. Address from the MWCD Mission Shakti directory (One Stop Centre - Centre Administrator); no phone published there. Uttarakhand Police women helpline 9411112780 / emergency 112.",https://missionshakti.wcd.gov.in/directory,2026-09-30
district,Uttarakhand,Tehri Garhwal,one_stop_centre,"Sakhi One Stop Centre, Tehri Garhwal",,,,,"One Stop Centre, Near SBI Bank, New Tehri, Tehri Garhwal",,"Sakhi One Stop Centre: temporary shelter, medical aid, police help, legal aid and psycho-social counselling for women facing violence. Address from the MWCD Mission Shakti directory (One Stop Centre - Centre Administrator); no phone published there. Uttarakhand Police women helpline 9411112780 / emergency 112.",https://missionshakti.wcd.gov.in/directory,2026-09-30
district,Uttarakhand,Udham Singh Nagar,one_stop_centre,"Sakhi One Stop Centre, Udham Singh Nagar",,,,,"Sakhi One Stop Center, Near E.S.I.C. Hospital, Police Line Road, Rudrapur, Udham Singh Nagar",,"Sakhi One Stop Centre: temporary shelter, medical aid, police help, legal aid and psycho-social counselling for women facing violence. Address from the MWCD Mission Shakti directory (One Stop Centre - Centre Administrator); no phone published there. Uttarakhand Police women helpline 9411112780 / emergency 112.",https://missionshakti.wcd.gov.in/directory,2026-09-30
district,Uttarakhand,Uttarkashi,one_stop_centre,"Sakhi One Stop Centre, Uttarkashi",,,,,"OSC Uttarkashi, Vikas Bhawan, Ladari, Joshiyara, Uttarkashi",,"Sakhi One Stop Centre: temporary shelter, medical aid, police help, legal aid and psycho-social counselling for women facing violence. Address from the MWCD Mission Shakti directory (One Stop Centre - Centre Administrator); no phone published there. Uttarakhand Police women helpline 9411112780 / emergency 112.",https://missionshakti.wcd.gov.in/directory,2026-09-30
district,Uttarakhand,Almora,legal_aid,"District Legal Services Authority, Almora",05962-231105; 9456596757,,dj-alm-ua@nic.in; dlsaalmora@rediffmail.com; dlsa.alm.uk@gmail.com,https://uttarakhand.nalsa.gov.in/,District Court Almora,,"Free legal aid and advice, including for women facing violence. Landline of the DLSA office plus the official mobile of the full-time Secretary. National legal aid helpline 15100.",https://uttarakhand.nalsa.gov.in/directory/,2026-09-29
district,Uttarakhand,Bageshwar,legal_aid,"District Legal Services Authority, Bageshwar",05963-221844; 9412097865,,dlsabgr1@gmail.com; dj-bag-ua@nic.in,https://uttarakhand.nalsa.gov.in/,"District Court, Bageshwar",,"Free legal aid and advice, including for women facing violence. Landline of the DLSA office plus the official mobile of the full-time Secretary. National legal aid helpline 15100.",https://uttarakhand.nalsa.gov.in/directory/,2026-09-29
district,Uttarakhand,Chamoli,legal_aid,"District Legal Services Authority, Chamoli",01372-251529; 9412079328,,dlsa.chamoli@gmail.com; dj-cha-ua@nic.in,https://uttarakhand.nalsa.gov.in/,"District Court, Chamoli",,"Free legal aid and advice, including for women facing violence. Landline of the DLSA office plus the official mobile of the full-time Secretary. National legal aid helpline 15100.",https://uttarakhand.nalsa.gov.in/directory/,2026-09-29
district,Uttarakhand,Champawat,legal_aid,"District Legal Services Authority, Champawat",05965-230915; 9411327127,,dj-chp-ua@nic.in; dlsachp5@gmail.com,https://uttarakhand.nalsa.gov.in/,"District Court, Champawat",,"Free legal aid and advice, including for women facing violence. Landline of the DLSA office plus the official mobile of the full-time Secretary. National legal aid helpline 15100.",https://uttarakhand.nalsa.gov.in/directory/,2026-09-29
district,Uttarakhand,Dehradun,legal_aid,"District Legal Services Authority, Dehradun",0135-2520873; 9458346961,,dj-deh-ua@nic.in; dehradundlsa13@gmail.com,https://uttarakhand.nalsa.gov.in/,"District Court, Dehradun",,"Free legal aid and advice, including for women facing violence. Landline of the DLSA office plus the official mobile of the full-time Secretary. National legal aid helpline 15100.",https://uttarakhand.nalsa.gov.in/directory/,2026-09-29
district,Uttarakhand,Haridwar,legal_aid,"District Legal Services Authority, Haridwar",01334-239780; 9412071710,,dj-har-ua@nic.in; dlsaharidwar@gmail.com,https://uttarakhand.nalsa.gov.in/,"District Court, Haridwar",,"Free legal aid and advice, including for women facing violence. Landline of the DLSA office plus the official mobile of the full-time Secretary. National legal aid helpline 15100.",https://uttarakhand.nalsa.gov.in/directory/,2026-09-29
district,Uttarakhand,Nainital,legal_aid,"District Legal Services Authority, Nainital",05942-237159,,dlsa-nai-uk@gov.in; dlsanainital@yahoo.co.in,https://uttarakhand.nalsa.gov.in/,"District Court, Nainital",,"Free legal aid and advice, including for women facing violence. Landline of the DLSA office plus the official mobile of the full-time Secretary. National legal aid helpline 15100. The Secretary mobile in the source (94111102137) has 11 digits and is omitted.",https://uttarakhand.nalsa.gov.in/directory/,2026-09-29
district,Uttarakhand,Pauri Garhwal,legal_aid,"District Legal Services Authority, Pauri Garhwal",01368-221815; 9412079408,,dj-pau-ua@nic.in; dlsapauri@gmail.com,https://uttarakhand.nalsa.gov.in/,"District Court, Pauri Garhwal",,"Free legal aid and advice, including for women facing violence. Landline of the DLSA office plus the official mobile of the full-time Secretary. National legal aid helpline 15100.",https://uttarakhand.nalsa.gov.in/directory/,2026-09-29
district,Uttarakhand,Pithoragarh,legal_aid,"District Legal Services Authority, Pithoragarh",05964-228322; 9411330501,,chairmandlsap@gmail.com; dj-pit-ua@nic.in,https://uttarakhand.nalsa.gov.in/,"District Court, Pithoragarh",,"Free legal aid and advice, including for women facing violence. Landline of the DLSA office plus the official mobile of the full-time Secretary. National legal aid helpline 15100.",https://uttarakhand.nalsa.gov.in/directory/,2026-09-29
district,Uttarakhand,Rudraprayag,legal_aid,"District Legal Services Authority, Rudraprayag",01364-233796; 9149109745,,dlsa.rud.ua@gmail.com; dj-rud-ua@nic.in,https://uttarakhand.nalsa.gov.in/,"District Court, Rudraprayag",,"Free legal aid and advice, including for women facing violence. Landline of the DLSA office plus the official mobile of the full-time Secretary. National legal aid helpline 15100.",https://uttarakhand.nalsa.gov.in/directory/,2026-09-29
district,Uttarakhand,Tehri Garhwal,legal_aid,"District Legal Services Authority, Tehri Garhwal",01376-233424; 9411558363,,dlsanewtehri@gmail.com; dj-teh-ua@nic.in,https://uttarakhand.nalsa.gov.in/,"District Court, Tehri Garhwal",,"Free legal aid and advice, including for women facing violence. Landline of the DLSA office plus the official mobile of the full-time Secretary. National legal aid helpline 15100.",https://uttarakhand.nalsa.gov.in/directory/,2026-09-29
district,Uttarakhand,Udham Singh Nagar,legal_aid,"District Legal Services Authority, Udham Singh Nagar",05944-250682; 9412088088,,dlsausnagar@gmail.com; dj-usn-ua@nic.in,https://uttarakhand.nalsa.gov.in/,"District Court, U S Nagar",,"Free legal aid and advice, including for women facing violence. Landline of the DLSA office plus the official mobile of the full-time Secretary. National legal aid helpline 15100.",https://uttarakhand.nalsa.gov.in/directory/,2026-09-29
district,Uttarakhand,Uttarkashi,legal_aid,"District Legal Services Authority, Uttarkashi",01374-222711; 9412078165,,dj-utt-ua@nic.in; uttarkashi.dlsa@gmail.com,https://uttarakhand.nalsa.gov.in/,"District Court, Uttarkashi",,"Free legal aid and advice, including for women facing violence. Landline of the DLSA office plus the official mobile of the full-time Secretary. National legal aid helpline 15100.",https://uttarakhand.nalsa.gov.in/directory/,2026-09-29
