state_ut,year,female_pop,persons
India,2011,590205000,1216147000
Jammu & Kashmir,2011,5805000,12309000
Himachal Pradesh,2011,3392000,6884000
India,2012,598066000,1232023000
Jammu & Kashmir,2012,5870000,12435000
Himachal Pradesh,2012,3421000,6943000
India,2013,605927000,1247899000
Jammu & Kashmir,2013,5935000,12561000
Himachal Pradesh,2013,3450000,7002000
India,2014,613788000,1263775000
Jammu & Kashmir,2014,6000000,12687000
Himachal Pradesh,2014,3480000,7061000
India,2015,621648000,1279651000
Jammu & Kashmir,2015,6065000,12813000
Himachal Pradesh,2015,3509000,7119000
India,2016,629255000,1294976000
Jammu & Kashmir,2016,6126000,12931000
Himachal Pradesh,2016,3536000,7174000
India,2017,636354000,1309197000
Jammu & Kashmir,2017,6180000,13033000
Himachal Pradesh,2017,3559000,7221000
India,2018,643453000,1323419000
Jammu & Kashmir,2018,6234000,13135000
Himachal Pradesh,2018,3582000,7268000
India,2019,650552000,1337640000
Jammu & Kashmir,2019,6288000,13237000
Himachal Pradesh,2019,3605000,7315000
India,2020,657651000,1351862000
Jammu & Kashmir,2020,6342000,13340000
Himachal Pradesh,2020,3629000,7362000
India,2021,664480000,1365482000
Jammu & Kashmir,2021,6395000,13440000
Himachal Pradesh,2021,3650000,7406000
India,2022,670770000,1377901000
Jammu & Kashmir,2022,6448000,13538000
Himachal Pradesh,2022,3669000,7443000
India,2023,677059000,1390319000
Jammu & Kashmir,2023,6500000,13636000
Himachal Pradesh,2023,3687000,7480000
India,2024,683348000,1402737000
Jammu & Kashmir,2024,6552000,13733000
Himachal Pradesh,2024,3706000,7518000
India,2025,689638000,1415156000
Jammu & Kashmir,2025,6605000,13831000
Himachal Pradesh,2025,3724000,7555000
India,2026,695617000,1426907000
Jammu & Kashmir,2026,6657000,13927000
Himachal Pradesh,2026,3741000,7588000
India,2027,700976000,1437324000
Jammu & Kashmir,2027,6707000,14020000
Himachal Pradesh,2027,3755000,7615000
India,2028,706335000,1447741000
Jammu & Kashmir,2028,6758000,14113000
Himachal Pradesh,2028,3768000,7641000
India,2029,711694000,1458158000
Jammu & Kashmir,2029,6809000,14206000
Himachal Pradesh,2029,3781000,7668000
India,2030,717053000,1468574000
Jammu & Kashmir,2030,6860000,14299000
Himachal Pradesh,2030,3795000,7694000
India,2031,722090000,1478370000
Jammu & Kashmir,2031,6908000,14387000
Himachal Pradesh,2031,3806000,7717000
India,2032,726482000,1486924000
Jammu & Kashmir,2032,6952000,14464000
Himachal Pradesh,2032,3813000,7731000
India,2033,730874000,1495478000
Jammu & Kashmir,2033,6996000,14541000
Himachal Pradesh,2033,3821000,7746000
India,2034,735266000,1504032000
Jammu & Kashmir,2034,7040000,14618000
Himachal Pradesh,2034,3828000,7761000
India,2035,739658000,1512586000
Jammu & Kashmir,2035,7083000,14696000
Himachal Pradesh,2035,3835000,7775000
India,2036,744050000,1521140000
Jammu & Kashmir,2036,7127000,14773000
Himachal Pradesh,2036,3842000,7790000
Punjab,2011,13150000,27836000
Haryana,2011,11924000,25492000
Delhi,2011,7860000,16914000
Punjab,2012,13288000,28116000
Haryana,2012,12127000,25912000
Delhi,2012,8040000,17292000
Punjab,2013,13425000,28395000
Haryana,2013,12330000,26333000
Delhi,2013,8219000,17670000
Punjab,2014,13563000,28674000
Haryana,2014,12532000,26754000
Delhi,2014,8398000,18047000
Punjab,2015,13701000,28954000
Haryana,2015,12735000,27175000
Delhi,2015,8577000,18425000
Punjab,2016,13833000,29220000
Haryana,2016,12936000,27590000
Delhi,2016,8757000,18803000
Punjab,2017,13953000,29460000
Haryana,2017,13134000,27996000
Delhi,2017,8940000,19182000
Punjab,2018,14074000,29699000
Haryana,2018,13332000,28401000
Delhi,2018,9122000,19561000
Punjab,2019,14194000,29939000
Haryana,2019,13530000,28807000
Delhi,2019,9305000,19940000
Punjab,2020,14315000,30179000
Haryana,2020,13728000,29213000
Delhi,2020,9487000,20319000
Punjab,2021,14429000,30404000
Haryana,2021,13921000,29604000
Delhi,2021,9673000,20703000
Punjab,2022,14529000,30600000
Haryana,2022,14103000,29967000
Delhi,2022,9865000,21096000
Punjab,2023,14629000,30796000
Haryana,2023,14285000,30331000
Delhi,2023,10057000,21490000
Punjab,2024,14729000,30992000
Haryana,2024,14467000,30694000
Delhi,2024,10250000,21884000
Punjab,2025,14829000,31188000
Haryana,2025,14649000,31057000
Delhi,2025,10442000,22277000
Punjab,2026,14922000,31370000
Haryana,2026,14826000,31409000
Delhi,2026,10637000,22674000
Punjab,2027,15002000,31523000
Haryana,2027,14996000,31738000
Delhi,2027,10837000,23076000
Punjab,2028,15082000,31677000
Haryana,2028,15165000,32068000
Delhi,2028,11036000,23479000
Punjab,2029,15162000,31831000
Haryana,2029,15334000,32397000
Delhi,2029,11236000,23882000
Punjab,2030,15241000,31984000
Haryana,2030,15503000,32726000
Delhi,2030,11436000,24284000
Punjab,2031,15315000,32125000
Haryana,2031,15669000,33047000
Delhi,2031,11637000,24688000
Punjab,2032,15377000,32239000
Haryana,2032,15827000,33352000
Delhi,2032,11841000,25096000
Punjab,2033,15439000,32353000
Haryana,2033,15985000,33657000
Delhi,2033,12045000,25504000
Punjab,2034,15500000,32468000
Haryana,2034,16144000,33961000
Delhi,2034,12249000,25911000
Punjab,2035,15562000,32582000
Haryana,2035,16302000,34266000
Delhi,2035,12453000,26319000
Punjab,2036,15624000,32696000
Haryana,2036,16460000,34570000
Delhi,2036,12657000,26727000
Rajasthan,2011,33190000,68928000
Uttar Pradesh,2011,95862000,200897000
Bihar,2011,50147000,104771000
Rajasthan,2012,33769000,70066000
Uttar Pradesh,2012,97451000,204152000
Bihar,2012,51123000,106787000
Rajasthan,2013,34347000,71204000
Uttar Pradesh,2013,99040000,207407000
Bihar,2013,52099000,108802000
Rajasthan,2014,34926000,72343000
Uttar Pradesh,2014,100629000,210662000
Bihar,2014,53076000,110817000
Rajasthan,2015,35504000,73481000
Uttar Pradesh,2015,102218000,213917000
Bihar,2015,54052000,112832000
Rajasthan,2016,36065000,74576000
Uttar Pradesh,2016,103763000,217075000
Bihar,2016,54994000,114770000
Rajasthan,2017,36589000,75584000
Uttar Pradesh,2017,105221000,220039000
Bihar,2017,55868000,116551000
Rajasthan,2018,37112000,76592000
Uttar Pradesh,2018,106678000,223003000
Bihar,2018,56741000,118333000
Rajasthan,2019,37636000,77601000
Uttar Pradesh,2019,108135000,225967000
Bihar,2019,57615000,120114000
Rajasthan,2020,38160000,78609000
Uttar Pradesh,2020,109592000,228931000
Bihar,2020,58489000,121895000
Rajasthan,2021,38665000,79572000
Uttar Pradesh,2021,110961000,231704000
Bihar,2021,59374000,123695000
Rajasthan,2022,39130000,80444000
Uttar Pradesh,2022,112155000,234094000
Bihar,2022,60284000,125532000
Rajasthan,2023,39596000,81316000
Uttar Pradesh,2023,113348000,236484000
Bihar,2023,61194000,127368000
Rajasthan,2024,40062000,82188000
Uttar Pradesh,2024,114542000,238875000
Bihar,2024,62104000,129205000
Rajasthan,2025,40528000,83060000
Uttar Pradesh,2025,115736000,241265000
Bihar,2025,63014000,131041000
Rajasthan,2026,40972000,83879000
Uttar Pradesh,2026,116842000,243466000
Bihar,2026,63912000,132850000
Rajasthan,2027,41370000,84590000
Uttar Pradesh,2027,117774000,245287000
Bihar,2027,64787000,134605000
Rajasthan,2028,41768000,85301000
Uttar Pradesh,2028,118705000,247107000
Bihar,2028,65662000,136361000
Rajasthan,2029,42166000,86012000
Uttar Pradesh,2029,119637000,248928000
Bihar,2029,66537000,138116000
Rajasthan,2030,42564000,86724000
Uttar Pradesh,2030,120569000,250749000
Bihar,2030,67412000,139871000
Rajasthan,2031,42941000,87422000
Uttar Pradesh,2031,121435000,252432000
Bihar,2031,68248000,141543000
Rajasthan,2032,43279000,88095000
Uttar Pradesh,2032,122173000,253837000
Bihar,2032,69005000,143050000
Rajasthan,2033,43616000,88768000
Uttar Pradesh,2033,122910000,255242000
Bihar,2033,69761000,144557000
Rajasthan,2034,43953000,89441000
Uttar Pradesh,2034,123648000,256648000
Bihar,2034,70518000,146064000
Rajasthan,2035,44290000,90114000
Uttar Pradesh,2035,124385000,258053000
Bihar,2035,71275000,147571000
Rajasthan,2036,44627000,90787000
Uttar Pradesh,2036,125123000,259459000
Bihar,2036,72031000,149078000
Assam,2011,15332000,31336000
West Bengal,2011,44597000,91530000
Jharkhand,2011,16150000,33176000
Assam,2012,15529000,31729000
West Bengal,2012,44989000,92290000
Jharkhand,2012,16426000,33738000
Assam,2013,15727000,32121000
West Bengal,2013,45380000,93051000
Jharkhand,2013,16702000,34300000
Assam,2014,15924000,32514000
West Bengal,2014,45771000,93811000
Jharkhand,2014,16979000,34863000
Assam,2015,16122000,32906000
West Bengal,2015,46162000,94572000
Jharkhand,2015,17255000,35425000
Assam,2016,16317000,33293000
West Bengal,2016,46530000,95282000
Jharkhand,2016,17528000,35978000
Assam,2017,16506000,33668000
West Bengal,2017,46852000,95891000
Jharkhand,2017,17794000,36512000
Assam,2018,16695000,34043000
West Bengal,2018,47173000,96500000
Jharkhand,2018,18060000,37047000
Assam,2019,16885000,34418000
West Bengal,2019,47494000,97109000
Jharkhand,2019,18327000,37581000
Assam,2020,17074000,34793000
West Bengal,2020,47815000,97719000
Jharkhand,2020,18593000,38115000
Assam,2021,17257000,35155000
West Bengal,2021,48117000,98285000
Jharkhand,2021,18854000,38637000
Assam,2022,17429000,35490000
West Bengal,2022,48379000,98764000
Jharkhand,2022,19105000,39135000
Assam,2023,17600000,35824000
West Bengal,2023,48642000,99243000
Jharkhand,2023,19355000,39632000
Assam,2024,17771000,36159000
West Bengal,2024,48904000,99723000
Jharkhand,2024,19606000,40129000
Assam,2025,17942000,36493000
West Bengal,2025,49167000,100202000
Jharkhand,2025,19857000,40626000
Assam,2026,18107000,36815000
West Bengal,2026,49406000,100631000
Jharkhand,2026,20101000,41108000
Assam,2027,18261000,37111000
West Bengal,2027,49600000,100960000
Jharkhand,2027,20333000,41558000
Assam,2028,18414000,37407000
West Bengal,2028,49793000,101290000
Jharkhand,2028,20564000,42009000
Assam,2029,18568000,37703000
West Bengal,2029,49986000,101619000
Jharkhand,2029,20795000,42459000
Assam,2030,18722000,37999000
West Bengal,2030,50180000,101948000
Jharkhand,2030,21026000,42909000
Assam,2031,18867000,38276000
West Bengal,2031,50345000,102218000
Jharkhand,2031,21248000,43339000
Assam,2032,18995000,38517000
West Bengal,2032,50453000,102371000
Jharkhand,2032,21451000,43728000
Assam,2033,19123000,38758000
West Bengal,2033,50562000,102524000
Jharkhand,2033,21653000,44117000
Assam,2034,19250000,38998000
West Bengal,2034,50670000,102676000
Jharkhand,2034,21856000,44506000
Assam,2035,19378000,39239000
West Bengal,2035,50779000,102829000
Jharkhand,2035,22058000,44895000
Assam,2036,19506000,39479000
West Bengal,2036,50887000,102982000
Jharkhand,2036,22261000,45285000
Odisha,2011,20830000,42051000
Chhattisgarh,2011,12781000,25680000
Madhya Pradesh,2011,35218000,73039000
Odisha,2012,21035000,42282000
Chhattisgarh,2012,12986000,26086000
Madhya Pradesh,2012,35829000,74275000
Odisha,2013,21240000,42513000
Chhattisgarh,2013,13191000,26491000
Madhya Pradesh,2013,36440000,75510000
Odisha,2014,21445000,42743000
Chhattisgarh,2014,13396000,26896000
Madhya Pradesh,2014,37051000,76746000
Odisha,2015,21650000,42974000
Chhattisgarh,2015,13601000,27301000
Madhya Pradesh,2015,37662000,77982000
Odisha,2016,21847000,43188000
Chhattisgarh,2016,13802000,27700000
Madhya Pradesh,2016,38258000,79187000
Odisha,2017,22029000,43369000
Chhattisgarh,2017,13994000,28084000
Madhya Pradesh,2017,38826000,80329000
Odisha,2018,22210000,43550000
Chhattisgarh,2018,14186000,28468000
Madhya Pradesh,2018,39393000,81471000
Odisha,2019,22391000,43732000
Chhattisgarh,2019,14378000,28852000
Madhya Pradesh,2019,39961000,82613000
Odisha,2020,22572000,43913000
Chhattisgarh,2020,14570000,29237000
Madhya Pradesh,2020,40529000,83755000
Odisha,2021,22744000,44076000
Chhattisgarh,2021,14756000,29607000
Madhya Pradesh,2021,41081000,84860000
Odisha,2022,22896000,44205000
Chhattisgarh,2022,14928000,29951000
Madhya Pradesh,2022,41602000,85891000
Odisha,2023,23049000,44334000
Chhattisgarh,2023,15100000,30294000
Madhya Pradesh,2023,42124000,86923000
Odisha,2024,23201000,44463000
Chhattisgarh,2024,15273000,30638000
Madhya Pradesh,2024,42646000,87954000
Odisha,2025,23353000,44591000
Chhattisgarh,2025,15445000,30982000
Madhya Pradesh,2025,43167000,88985000
Odisha,2026,23495000,44699000
Chhattisgarh,2026,15610000,31311000
Madhya Pradesh,2026,43665000,89965000
Odisha,2027,23615000,44766000
Chhattisgarh,2027,15761000,31613000
Madhya Pradesh,2027,44116000,90842000
Odisha,2028,23735000,44832000
Chhattisgarh,2028,15912000,31915000
Madhya Pradesh,2028,44567000,91719000
Odisha,2029,23855000,44898000
Chhattisgarh,2029,16063000,32216000
Madhya Pradesh,2029,45017000,92595000
Odisha,2030,23975000,44964000
Chhattisgarh,2030,16214000,32518000
Madhya Pradesh,2030,45468000,93472000
Odisha,2031,24084000,45009000
Chhattisgarh,2031,16361000,32810000
Madhya Pradesh,2031,45899000,94307000
Odisha,2032,24170000,45013000
Chhattisgarh,2032,16499000,33082000
Madhya Pradesh,2032,46292000,95056000
Odisha,2033,24255000,45016000
Chhattisgarh,2033,16637000,33355000
Madhya Pradesh,2033,46685000,95806000
Odisha,2034,24341000,45020000
Chhattisgarh,2034,16775000,33627000
Madhya Pradesh,2034,47077000,96555000
Odisha,2035,24426000,45023000
Chhattisgarh,2035,16913000,33899000
Madhya Pradesh,2035,47470000,97305000
Odisha,2036,24512000,45026000
Chhattisgarh,2036,17051000,34172000
Madhya Pradesh,2036,47862000,98054000
Gujarat,2011,29091000,60754000
Maharashtra,2011,54328000,112798000
Andhra Pradesh,2011,24808000,49697000
Gujarat,2012,29519000,61698000
Maharashtra,2012,54917000,114068000
Andhra Pradesh,2012,24990000,50056000
Gujarat,2013,29947000,62642000
Maharashtra,2013,55506000,115339000
Andhra Pradesh,2013,25173000,50414000
Gujarat,2014,30374000,63585000
Maharashtra,2014,56095000,116609000
Andhra Pradesh,2014,25356000,50773000
Gujarat,2015,30802000,64529000
Maharashtra,2015,56685000,117880000
Andhra Pradesh,2015,25539000,51132000
Gujarat,2016,31227000,65467000
Maharashtra,2016,57255000,119107000
Andhra Pradesh,2016,25709000,51466000
Gujarat,2017,31647000,66393000
Maharashtra,2017,57786000,120249000
Andhra Pradesh,2017,25854000,51749000
Gujarat,2018,32067000,67319000
Maharashtra,2018,58318000,121391000
Andhra Pradesh,2018,25999000,52032000
Gujarat,2019,32488000,68245000
Maharashtra,2019,58849000,122533000
Andhra Pradesh,2019,26143000,52315000
Gujarat,2020,32908000,69171000
Maharashtra,2020,59381000,123676000
Andhra Pradesh,2020,26288000,52599000
Gujarat,2021,33319000,70075000
Maharashtra,2021,59887000,124762000
Andhra Pradesh,2021,26417000,52849000
Gujarat,2022,33713000,70934000
Maharashtra,2022,60343000,125736000
Andhra Pradesh,2022,26515000,53033000
Gujarat,2023,34106000,71794000
Maharashtra,2023,60799000,126710000
Andhra Pradesh,2023,26613000,53217000
Gujarat,2024,34500000,72653000
Maharashtra,2024,61256000,127684000
Andhra Pradesh,2024,26711000,53402000
Gujarat,2025,34894000,73513000
Maharashtra,2025,61712000,128659000
Andhra Pradesh,2025,26809000,53586000
Gujarat,2026,35275000,74343000
Maharashtra,2026,62146000,129584000
Andhra Pradesh,2026,26892000,53740000
Gujarat,2027,35633000,75112000
Maharashtra,2027,62536000,130413000
Andhra Pradesh,2027,26946000,53833000
Gujarat,2028,35991000,75881000
Maharashtra,2028,62926000,131241000
Andhra Pradesh,2028,26999000,53926000
Gujarat,2029,36349000,76650000
Maharashtra,2029,63317000,132070000
Andhra Pradesh,2029,27053000,54020000
Gujarat,2030,36707000,77419000
Maharashtra,2030,63707000,132899000
Andhra Pradesh,2030,27107000,54113000
Gujarat,2031,37050000,78157000
Maharashtra,2031,64073000,133672000
Andhra Pradesh,2031,27148000,54180000
Gujarat,2032,37365000,78834000
Maharashtra,2032,64391000,134334000
Andhra Pradesh,2032,27164000,54196000
Gujarat,2033,37679000,79511000
Maharashtra,2033,64708000,134997000
Andhra Pradesh,2033,27180000,54211000
Gujarat,2034,37993000,80188000
Maharashtra,2034,65026000,135659000
Andhra Pradesh,2034,27196000,54226000
Gujarat,2035,38307000,80865000
Maharashtra,2035,65344000,136322000
Andhra Pradesh,2035,27212000,54242000
Gujarat,2036,38621000,81542000
Maharashtra,2036,65662000,136985000
Andhra Pradesh,2036,27228000,54257000
Karnataka,2011,30231000,61304000
Kerala,2011,17419000,33484000
Tamil Nadu,2011,36095000,72313000
Karnataka,2012,30537000,61931000
Kerala,2012,17540000,33719000
Tamil Nadu,2012,36352000,72811000
Karnataka,2013,30844000,62558000
Kerala,2013,17661000,33953000
Tamil Nadu,2013,36608000,73308000
Karnataka,2014,31151000,63184000
Kerala,2014,17782000,34188000
Tamil Nadu,2014,36865000,73806000
Karnataka,2015,31457000,63811000
Kerala,2015,17903000,34422000
Tamil Nadu,2015,37122000,74303000
Karnataka,2016,31746000,64403000
Kerala,2016,18015000,34639000
Tamil Nadu,2016,37356000,74753000
Karnataka,2017,32001000,64926000
Kerala,2017,18107000,34821000
Tamil Nadu,2017,37545000,75106000
Karnataka,2018,32255000,65450000
Kerala,2018,18200000,35003000
Tamil Nadu,2018,37734000,75460000
Karnataka,2019,32510000,65973000
Kerala,2019,18292000,35186000
Tamil Nadu,2019,37923000,75813000
Karnataka,2020,32764000,66496000
Kerala,2020,18385000,35368000
Tamil Nadu,2020,38111000,76167000
Karnataka,2021,33003000,66986000
Kerala,2021,18471000,35537000
Tamil Nadu,2021,38281000,76479000
Karnataka,2022,33211000,67409000
Kerala,2022,18544000,35680000
Tamil Nadu,2022,38412000,76707000
Karnataka,2023,33419000,67833000
Kerala,2023,18617000,35824000
Tamil Nadu,2023,38543000,76936000
Karnataka,2024,33628000,68256000
Kerala,2024,18690000,35967000
Tamil Nadu,2024,38674000,77165000
Karnataka,2025,33836000,68679000
Kerala,2025,18763000,36111000
Tamil Nadu,2025,38805000,77394000
Karnataka,2026,34030000,69074000
Kerala,2026,18828000,36239000
Tamil Nadu,2026,38916000,77582000
Karnataka,2027,34198000,69412000
Kerala,2027,18877000,36337000
Tamil Nadu,2027,38988000,77689000
Karnataka,2028,34365000,69750000
Kerala,2028,18926000,36434000
Tamil Nadu,2028,39060000,77796000
Karnataka,2029,34533000,70088000
Kerala,2029,18975000,36532000
Tamil Nadu,2029,39132000,77903000
Karnataka,2030,34700000,70426000
Kerala,2030,19024000,36630000
Tamil Nadu,2030,39204000,78011000
Karnataka,2031,34855000,70738000
Kerala,2031,19065000,36712000
Tamil Nadu,2031,39257000,78081000
Karnataka,2032,34986000,70997000
Kerala,2032,19088000,36762000
Tamil Nadu,2032,39272000,78078000
Karnataka,2033,35117000,71257000
Kerala,2033,19111000,36813000
Tamil Nadu,2033,39287000,78075000
Karnataka,2034,35248000,71516000
Kerala,2034,19135000,36864000
Tamil Nadu,2034,39303000,78072000
Karnataka,2035,35378000,71775000
Kerala,2035,19158000,36915000
Tamil Nadu,2035,39318000,78069000
Karnataka,2036,35509000,72034000
Kerala,2036,19182000,36965000
Tamil Nadu,2036,39333000,78066000
Chandigarh,2011,478000,1061000
Uttarakhand,2011,4969000,10131000
Sikkim,2011,288000,612000
Chandigarh,2012,486000,1077000
Uttarakhand,2012,5031000,10265000
Sikkim,2012,292000,619000
Chandigarh,2013,494000,1093000
Uttarakhand,2013,5093000,10398000
Sikkim,2013,295000,626000
Chandigarh,2014,503000,1109000
Uttarakhand,2014,5155000,10532000
Sikkim,2014,298000,632000
Chandigarh,2015,511000,1125000
Uttarakhand,2015,5217000,10666000
Sikkim,2015,301000,639000
Chandigarh,2016,519000,1141000
Uttarakhand,2016,5278000,10798000
Sikkim,2016,304000,646000
Chandigarh,2017,526000,1155000
Uttarakhand,2017,5339000,10927000
Sikkim,2017,308000,652000
Chandigarh,2018,534000,1170000
Uttarakhand,2018,5399000,11055000
Sikkim,2018,311000,659000
Chandigarh,2019,541000,1184000
Uttarakhand,2019,5459000,11184000
Sikkim,2019,314000,665000
Chandigarh,2020,549000,1198000
Uttarakhand,2020,5519000,11313000
Sikkim,2020,317000,672000
Chandigarh,2021,556000,1212000
Uttarakhand,2021,5578000,11439000
Sikkim,2021,320000,678000
Chandigarh,2022,563000,1223000
Uttarakhand,2022,5635000,11557000
Sikkim,2022,323000,684000
Chandigarh,2023,569000,1235000
Uttarakhand,2023,5691000,11676000
Sikkim,2023,327000,691000
Chandigarh,2024,575000,1247000
Uttarakhand,2024,5747000,11795000
Sikkim,2024,330000,697000
Chandigarh,2025,582000,1259000
Uttarakhand,2025,5803000,11913000
Sikkim,2025,333000,703000
Chandigarh,2026,588000,1270000
Uttarakhand,2026,5858000,12028000
Sikkim,2026,336000,709000
Chandigarh,2027,594000,1281000
Uttarakhand,2027,5909000,12134000
Sikkim,2027,339000,715000
Chandigarh,2028,599000,1291000
Uttarakhand,2028,5960000,12241000
Sikkim,2028,341000,721000
Chandigarh,2029,605000,1301000
Uttarakhand,2029,6011000,12347000
Sikkim,2029,344000,726000
Chandigarh,2030,611000,1311000
Uttarakhand,2030,6062000,12454000
Sikkim,2030,347000,732000
Chandigarh,2031,616000,1321000
Uttarakhand,2031,6110000,12554000
Sikkim,2031,350000,737000
Chandigarh,2032,621000,1329000
Uttarakhand,2032,6153000,12644000
Sikkim,2032,352000,742000
Chandigarh,2033,625000,1337000
Uttarakhand,2033,6195000,12734000
Sikkim,2033,354000,746000
Chandigarh,2034,630000,1346000
Uttarakhand,2034,6238000,12824000
Sikkim,2034,357000,751000
Chandigarh,2035,635000,1354000
Uttarakhand,2035,6281000,12914000
Sikkim,2035,359000,755000
Chandigarh,2036,639000,1362000
Uttarakhand,2036,6323000,13004000
Sikkim,2036,361000,760000
Arunachal Pradesh,2011,672000,1388000
Nagaland,2011,957000,1984000
Manipur,2011,1421000,2864000
Arunachal Pradesh,2012,679000,1403000
Nagaland,2012,967000,2005000
Manipur,2012,1437000,2895000
Arunachal Pradesh,2013,687000,1418000
Nagaland,2013,978000,2027000
Manipur,2013,1453000,2926000
Arunachal Pradesh,2014,694000,1433000
Nagaland,2014,989000,2049000
Manipur,2014,1469000,2957000
Arunachal Pradesh,2015,702000,1448000
Nagaland,2015,999000,2070000
Manipur,2015,1485000,2988000
Arunachal Pradesh,2016,709000,1463000
Nagaland,2016,1010000,2092000
Manipur,2016,1500000,3019000
Arunachal Pradesh,2017,717000,1478000
Nagaland,2017,1021000,2113000
Manipur,2017,1516000,3050000
Arunachal Pradesh,2018,724000,1493000
Nagaland,2018,1031000,2134000
Manipur,2018,1532000,3080000
Arunachal Pradesh,2019,732000,1507000
Nagaland,2019,1042000,2155000
Manipur,2019,1548000,3111000
Arunachal Pradesh,2020,739000,1522000
Nagaland,2020,1052000,2177000
Manipur,2020,1563000,3142000
Arunachal Pradesh,2021,746000,1537000
Nagaland,2021,1063000,2198000
Manipur,2021,1579000,3172000
Arunachal Pradesh,2022,754000,1551000
Nagaland,2022,1073000,2218000
Manipur,2022,1594000,3201000
Arunachal Pradesh,2023,761000,1565000
Nagaland,2023,1083000,2238000
Manipur,2023,1610000,3231000
Arunachal Pradesh,2024,768000,1580000
Nagaland,2024,1094000,2258000
Manipur,2024,1625000,3260000
Arunachal Pradesh,2025,775000,1594000
Nagaland,2025,1104000,2279000
Manipur,2025,1640000,3289000
Arunachal Pradesh,2026,782000,1608000
Nagaland,2026,1114000,2299000
Manipur,2026,1655000,3318000
Arunachal Pradesh,2027,789000,1620000
Nagaland,2027,1123000,2317000
Manipur,2027,1669000,3344000
Arunachal Pradesh,2028,795000,1633000
Nagaland,2028,1133000,2335000
Manipur,2028,1683000,3371000
Arunachal Pradesh,2029,802000,1646000
Nagaland,2029,1142000,2354000
Manipur,2029,1697000,3397000
Arunachal Pradesh,2030,809000,1659000
Nagaland,2030,1152000,2372000
Manipur,2030,1711000,3424000
Arunachal Pradesh,2031,815000,1671000
Nagaland,2031,1161000,2389000
Manipur,2031,1724000,3449000
Arunachal Pradesh,2032,820000,1681000
Nagaland,2032,1168000,2404000
Manipur,2032,1736000,3470000
Arunachal Pradesh,2033,826000,1691000
Nagaland,2033,1176000,2418000
Manipur,2033,1747000,3491000
Arunachal Pradesh,2034,831000,1701000
Nagaland,2034,1184000,2433000
Manipur,2034,1759000,3512000
Arunachal Pradesh,2035,837000,1712000
Nagaland,2035,1191000,2447000
Manipur,2035,1770000,3532000
Arunachal Pradesh,2036,842000,1722000
Nagaland,2036,1199000,2462000
Manipur,2036,1781000,3553000
Mizoram,2011,543000,1100000
Tripura,2011,1805000,3684000
Meghalaya,2011,1479000,2975000
Mizoram,2012,549000,1112000
Tripura,2012,1825000,3724000
Meghalaya,2012,1496000,3007000
Mizoram,2013,556000,1124000
Tripura,2013,1845000,3764000
Meghalaya,2013,1512000,3040000
Mizoram,2014,562000,1136000
Tripura,2014,1865000,3804000
Meghalaya,2014,1529000,3072000
Mizoram,2015,568000,1148000
Tripura,2015,1885000,3844000
Meghalaya,2015,1545000,3105000
Mizoram,2016,574000,1160000
Tripura,2016,1905000,3884000
Meghalaya,2016,1562000,3137000
Mizoram,2017,580000,1172000
Tripura,2017,1925000,3924000
Meghalaya,2017,1578000,3169000
Mizoram,2018,586000,1184000
Tripura,2018,1945000,3963000
Meghalaya,2018,1595000,3200000
Mizoram,2019,592000,1195000
Tripura,2019,1965000,4002000
Meghalaya,2019,1611000,3232000
Mizoram,2020,598000,1207000
Tripura,2020,1985000,4042000
Meghalaya,2020,1627000,3264000
Mizoram,2021,604000,1219000
Tripura,2021,2005000,4081000
Meghalaya,2021,1644000,3295000
Mizoram,2022,610000,1230000
Tripura,2022,2025000,4118000
Meghalaya,2022,1659000,3326000
Mizoram,2023,615000,1241000
Tripura,2023,2044000,4156000
Meghalaya,2023,1675000,3356000
Mizoram,2024,621000,1252000
Tripura,2024,2063000,4194000
Meghalaya,2024,1691000,3387000
Mizoram,2025,627000,1264000
Tripura,2025,2083000,4232000
Meghalaya,2025,1707000,3417000
Mizoram,2026,633000,1275000
Tripura,2026,2102000,4268000
Meghalaya,2026,1723000,3447000
Mizoram,2027,638000,1285000
Tripura,2027,2119000,4302000
Meghalaya,2027,1737000,3474000
Mizoram,2028,644000,1295000
Tripura,2028,2137000,4336000
Meghalaya,2028,1752000,3502000
Mizoram,2029,649000,1305000
Tripura,2029,2155000,4371000
Meghalaya,2029,1766000,3529000
Mizoram,2030,654000,1315000
Tripura,2030,2173000,4405000
Meghalaya,2030,1781000,3557000
Mizoram,2031,659000,1325000
Tripura,2031,2190000,4437000
Meghalaya,2031,1795000,3583000
Mizoram,2032,664000,1333000
Tripura,2032,2204000,4464000
Meghalaya,2032,1807000,3605000
Mizoram,2033,668000,1341000
Tripura,2033,2219000,4491000
Meghalaya,2033,1819000,3626000
Mizoram,2034,672000,1349000
Tripura,2034,2233000,4518000
Meghalaya,2034,1830000,3648000
Mizoram,2035,677000,1357000
Tripura,2035,2248000,4544000
Meghalaya,2035,1842000,3670000
Mizoram,2036,681000,1365000
Tripura,2036,2262000,4571000
Meghalaya,2036,1854000,3692000
Daman & Diu,2011,94000,249000
Dadra & Nagar Haveli,2011,153000,351000
Goa,2011,721000,1462000
Daman & Diu,2012,98000,266000
Dadra & Nagar Haveli,2012,161000,373000
Goa,2012,727000,1473000
Daman & Diu,2013,102000,283000
Dadra & Nagar Haveli,2013,169000,394000
Goa,2013,733000,1483000
Daman & Diu,2014,106000,301000
Dadra & Nagar Haveli,2014,177000,416000
Goa,2014,738000,1494000
Daman & Diu,2015,110000,318000
Dadra & Nagar Haveli,2015,185000,438000
Goa,2015,744000,1505000
Daman & Diu,2016,115000,339000
Dadra & Nagar Haveli,2016,194000,463000
Goa,2016,749000,1515000
Daman & Diu,2017,120000,367000
Dadra & Nagar Haveli,2017,205000,494000
Goa,2017,754000,1524000
Daman & Diu,2018,125000,395000
Dadra & Nagar Haveli,2018,216000,525000
Goa,2018,759000,1534000
Daman & Diu,2019,131000,423000
Dadra & Nagar Haveli,2019,227000,556000
Goa,2019,764000,1543000
Daman & Diu,2020,136000,451000
Dadra & Nagar Haveli,2020,238000,587000
Goa,2020,769000,1553000
Daman & Diu,2021,142000,485000
Dadra & Nagar Haveli,2021,250000,623000
Goa,2021,774000,1561000
Daman & Diu,2022,149000,532000
Dadra & Nagar Haveli,2022,265000,669000
Goa,2022,778000,1569000
Daman & Diu,2023,157000,579000
Dadra & Nagar Haveli,2023,280000,714000
Goa,2023,783000,1577000
Daman & Diu,2024,164000,627000
Dadra & Nagar Haveli,2024,295000,760000
Goa,2024,787000,1585000
Daman & Diu,2025,171000,674000
Dadra & Nagar Haveli,2025,310000,805000
Goa,2025,791000,1593000
Daman & Diu,2026,179000,734000
Dadra & Nagar Haveli,2026,327000,859000
Goa,2026,796000,1601000
Daman & Diu,2027,189000,820000
Dadra & Nagar Haveli,2027,348000,927000
Goa,2027,799000,1608000
Daman & Diu,2028,200000,907000
Dadra & Nagar Haveli,2028,369000,995000
Goa,2028,803000,1615000
Daman & Diu,2029,210000,993000
Dadra & Nagar Haveli,2029,390000,1064000
Goa,2029,807000,1622000
Daman & Diu,2030,220000,1079000
Dadra & Nagar Haveli,2030,411000,1132000
Goa,2030,811000,1629000
Daman & Diu,2031,231000,1193000
Dadra & Nagar Haveli,2031,435000,1213000
Goa,2031,815000,1635000
Daman & Diu,2032,246000,1359000
Dadra & Nagar Haveli,2032,465000,1318000
Goa,2032,818000,1641000
Daman & Diu,2033,260000,1525000
Dadra & Nagar Haveli,2033,495000,1423000
Goa,2033,821000,1647000
Daman & Diu,2034,274000,1691000
Dadra & Nagar Haveli,2034,525000,1528000
Goa,2034,825000,1653000
Daman & Diu,2035,289000,1858000
Dadra & Nagar Haveli,2035,554000,1633000
Goa,2035,828000,1659000
Daman & Diu,2036,303000,2024000
Dadra & Nagar Haveli,2036,584000,1738000
Goa,2036,831000,1665000
Lakshadweep,2011,31000,65000
Puducherry,2011,641000,1258000
Andaman & Nicobar Islands,2011,178000,381000
Lakshadweep,2012,32000,65000
Puducherry,2012,658000,1289000
Andaman & Nicobar Islands,2012,179000,384000
Lakshadweep,2013,32000,65000
Puducherry,2013,676000,1320000
Andaman & Nicobar Islands,2013,181000,386000
Lakshadweep,2014,32000,66000
Puducherry,2014,693000,1351000
Andaman & Nicobar Islands,2014,182000,388000
Lakshadweep,2015,32000,66000
Puducherry,2015,710000,1381000
Andaman & Nicobar Islands,2015,183000,390000
Lakshadweep,2016,32000,67000
Puducherry,2016,728000,1413000
Andaman & Nicobar Islands,2016,184000,392000
Lakshadweep,2017,33000,67000
Puducherry,2017,747000,1447000
Andaman & Nicobar Islands,2017,185000,394000
Lakshadweep,2018,33000,67000
Puducherry,2018,767000,1481000
Andaman & Nicobar Islands,2018,186000,396000
Lakshadweep,2019,33000,68000
Puducherry,2019,786000,1515000
Andaman & Nicobar Islands,2019,187000,398000
Lakshadweep,2020,33000,68000
Puducherry,2020,806000,1549000
Andaman & Nicobar Islands,2020,188000,399000
Lakshadweep,2021,33000,68000
Puducherry,2021,826000,1584000
Andaman & Nicobar Islands,2021,189000,401000
Lakshadweep,2022,33000,69000
Puducherry,2022,848000,1621000
Andaman & Nicobar Islands,2022,190000,402000
Lakshadweep,2023,33000,69000
Puducherry,2023,870000,1658000
Andaman & Nicobar Islands,2023,191000,403000
Lakshadweep,2024,34000,69000
Puducherry,2024,891000,1695000
Andaman & Nicobar Islands,2024,191000,404000
Lakshadweep,2025,34000,69000
Puducherry,2025,913000,1732000
Andaman & Nicobar Islands,2025,192000,405000
Lakshadweep,2026,34000,70000
Puducherry,2026,936000,1771000
Andaman & Nicobar Islands,2026,193000,406000
Lakshadweep,2027,34000,70000
Puducherry,2027,961000,1811000
Andaman & Nicobar Islands,2027,193000,407000
Lakshadweep,2028,34000,70000
Puducherry,2028,985000,1852000
Andaman & Nicobar Islands,2028,194000,408000
Lakshadweep,2029,34000,70000
Puducherry,2029,1010000,1893000
Andaman & Nicobar Islands,2029,194000,409000
Lakshadweep,2030,34000,70000
Puducherry,2030,1034000,1934000
Andaman & Nicobar Islands,2030,195000,410000
Lakshadweep,2031,34000,71000
Puducherry,2031,1060000,1976000
Andaman & Nicobar Islands,2031,195000,411000
Lakshadweep,2032,34000,71000
Puducherry,2032,1087000,2020000
Andaman & Nicobar Islands,2032,195000,411000
Lakshadweep,2033,35000,71000
Puducherry,2033,1115000,2065000
Andaman & Nicobar Islands,2033,196000,412000
Lakshadweep,2034,35000,71000
Puducherry,2034,1143000,2109000
Andaman & Nicobar Islands,2034,196000,412000
Lakshadweep,2035,35000,71000
Puducherry,2035,1170000,2154000
Andaman & Nicobar Islands,2035,196000,413000
Lakshadweep,2036,35000,72000
Puducherry,2036,1198000,2198000
Andaman & Nicobar Islands,2036,197000,413000
Telangana,2011,17428000,35077000
Ladakh,2011,118000,275000
Telangana,2012,17573000,35368000
Ladakh,2012,119000,278000
Telangana,2013,17718000,35660000
Ladakh,2013,121000,280000
Telangana,2014,17863000,35951000
Ladakh,2014,122000,283000
Telangana,2015,18007000,36243000
Ladakh,2015,124000,286000
Telangana,2016,18147000,36525000
Ladakh,2016,125000,288000
Telangana,2017,18274000,36778000
Ladakh,2017,126000,290000
Telangana,2018,18400000,37030000
Ladakh,2018,127000,292000
Telangana,2019,18526000,37283000
Ladakh,2019,128000,294000
Telangana,2020,18653000,37536000
Ladakh,2020,129000,296000
Telangana,2021,18771000,37771000
Ladakh,2021,130000,298000
Telangana,2022,18865000,37953000
Ladakh,2022,131000,299000
Telangana,2023,18960000,38135000
Ladakh,2023,132000,301000
Telangana,2024,19054000,38317000
Ladakh,2024,133000,302000
Telangana,2025,19149000,38499000
Ladakh,2025,134000,304000
Telangana,2026,19235000,38665000
Ladakh,2026,135000,306000
Telangana,2027,19297000,38779000
Ladakh,2027,136000,307000
Telangana,2028,19360000,38893000
Ladakh,2028,137000,308000
Telangana,2029,19422000,39007000
Ladakh,2029,138000,309000
Telangana,2030,19485000,39121000
Ladakh,2030,138000,311000
Telangana,2031,19540000,39220000
Ladakh,2031,139000,312000
Telangana,2032,19573000,39272000
Ladakh,2032,140000,313000
Telangana,2033,19605000,39324000
Ladakh,2033,140000,314000
Telangana,2034,19638000,39376000
Ladakh,2034,141000,314000
Telangana,2035,19671000,39428000
Ladakh,2035,142000,315000
Telangana,2036,19704000,39480000
Ladakh,2036,142000,316000
