Sl. No.,State/UT,Cases which Offenders were known to Victim - Cases Offender known to Victim (Total) - Col.(3),Cases which Offenders were known to Victim - Family Members - Col.(4),Cases which Offenders were known to Victim - Friends/ Online-Friends or Live in Partners on Pretext of Marriage / Separated Husband - Col.(5),Cases which Offenders were known to Victim - Family Friends/ Neighbors/ Employer or Other Known Persons - Col.(6),Cases Offenders Unknown or Not Identified - Col.(7),Total Rape Cases (Known+ Unknown Offenders) - Col.(8),Percentage Share of Known Cases to Total Rape Cases - Col.(9)
1,Andhra Pradesh,604,39,294,271,17,621,97.3
2,Arunachal Pradesh,73,8,22,43,1,74,98.6
3,Assam,1045,56,420,569,68,1113,93.9
4,Bihar,842,100,357,385,39,881,95.6
5,Chhattisgarh,1213,97,724,392,33,1246,97.4
6,Goa,68,9,42,17,5,73,93.2
7,Gujarat,595,49,273,273,15,610,97.5
8,Haryana,1753,91,600,1062,34,1787,98.1
9,Himachal Pradesh,355,31,221,103,4,359,98.9
10,Jharkhand,1258,56,710,492,40,1298,96.9
11,Karnataka,584,49,216,319,11,595,98.2
12,Kerala,803,70,495,238,11,814,98.6
13,Madhya Pradesh,2983,259,1407,1317,46,3029,98.5
14,Maharashtra,2903,211,2125,567,1,2904,100
15,Manipur,40,1,33,6,2,42,95.2
16,Meghalaya,72,14,14,44,3,75,96
17,Mizoram,14,2,8,4,0,14,100
18,Nagaland,4,1,1,2,3,7,57.1
19,Odisha,1449,0,1424,25,15,1464,99
20,Punjab,514,66,233,215,3,517,99.4
21,Rajasthan,5131,576,1493,3062,268,5399,95
22,Sikkim,13,4,4,5,0,13,100
23,Tamil Nadu,419,25,263,131,2,421,99.5
24,Telangana,812,137,451,224,2,814,99.8
25,Tripura,62,3,31,28,0,62,100
26,Uttar Pradesh,3507,183,1410,1914,183,3690,95
27,Uttarakhand,866,22,548,296,1,867,99.9
28,West Bengal,891,37,3,851,220,1111,80.2
Total State (S),Total State (S),28873,2196,13822,12855,1027,29900,96.6
29,Andaman and Nicobar Islands,12,2,4,6,0,12,100
30,Chandigarh,70,7,35,28,8,78,89.7
31,Dadra and Nagar Haveli and Daman and Diu,9,1,7,1,0,9,100
32,Delhi,1200,86,571,543,12,1212,99
33,Jammu and Kashmir,276,32,132,112,11,287,96.2
34,Ladakh,3,0,1,2,2,5,60
35,Lakshadweep,4,0,3,1,0,4,100
36,Puducherry,7,0,7,0,2,9,77.8
Total UT(S),Total UT(S),1581,128,760,693,35,1616,97.8
Total All India,Total All India,30454,2324,14582,13548,1062,31516,96.6
