Si. No (Col. 1),Category,State/UT (Col. 2),Cases which Offenders were known to Victim - Cases Offender known to Victim (Total) - (Col. 3),Cases which Offenders were known to Victim - Family Members - (Col. 4),Cases which Offenders were known to Victim - Friends/ Online-Friends or Live in Partners on Pretext of Marriage / Separated Husband - (Col. 5),Cases which Offenders were known to Victim - Family Friends/ Neighours/ Employer or Other Known Persons - (Col. 6),Cases Offenders Unknown or Not Identified - (Col. 7),Total Rape Cases (Known+Unknown Offenders) - (Col. 8),Percentage Share of Known Cases to Total Rape Cases - (Col. 9)
1,State,Andhra Pradesh,1088,91,500,497,7,1095,99.4
2,State,Arunachal Pradesh,49,13,7,29,11,60,81.7
3,State,Assam,1457,173,457,827,200,1657,87.9
4,State,Bihar,790,132,412,246,16,806,98
5,State,Chhattisgarh,1184,87,536,561,26,1210,97.9
6,State,Goa,59,5,29,25,1,60,98.3
7,State,Gujarat,457,30,229,198,29,486,94
8,State,Haryana,1336,117,349,870,37,1373,97.3
9,State,Himachal Pradesh,329,51,119,159,2,331,99.4
10,State,Jharkhand,1200,111,356,733,121,1321,90.8
11,State,Karnataka,497,45,219,233,7,504,98.6
12,State,Kerala,628,55,290,283,9,637,98.6
13,State,Madhya Pradesh,2306,209,1042,1055,33,2339,98.6
14,State,Maharashtra,2056,113,1047,896,5,2061,99.8
15,State,Manipur,31,1,25,5,1,32,96.9
16,State,Meghalaya,61,9,7,45,6,67,91
17,State,Mizoram,33,11,7,15,0,33,100
18,State,Nagaland,4,0,0,4,0,4,100
19,State,Odisha,1170,3,1090,77,41,1211,96.6
20,State,Punjab,498,42,213,243,4,502,99.2
21,State,Rajasthan,5046,721,1531,2794,264,5310,95
22,State,Sikkim,12,2,3,7,0,12,100
23,State,Tamil Nadu,381,40,219,122,8,389,97.9
24,State,Telangana,755,98,434,223,9,764,98.8
25,State,Tripura,78,6,29,43,1,79,98.7
26,State,Uttar Pradesh,2568,181,943,1444,201,2769,92.7
27,State,Uttarakhand,457,5,94,358,30,487,93.8
28,State,West Bengal,1012,13,2,997,116,1128,89.7
Total State(s),Total State(s),Total State(s),25542,2364,10189,12989,1185,26727,95.6
29,Union Territories,A & N Islands,2,0,2,0,0,2,100
30,Union Territories,Chandigarh,56,8,32,16,4,60,93.3
31,Union Territories,D & N Haveli and Daman & Diu,4,0,4,0,0,4,100
32,Union Territories,Delhi,949,104,424,421,48,997,95.2
33,Union Territories,Jammu & Kashmir,242,26,97,119,1,243,99.6
34,Union Territories,Ladakh,2,0,0,2,0,2,100
35,Union Territories,Lakshadweep,3,0,3,0,0,3,100
36,Union Territories,Puducherry,8,0,0,8,0,8,100
Total UT(s),Total UT(s),Total UT(s),1266,138,562,566,53,1319,96
Total All India,Total All India,Total All India,26808,2502,10751,13555,1238,28046,95.6
